{"cameraMode":{"drawMode":0,"name":"Shaded","section":"Shading Mode"},"sceneLighting":false,"audioPlay":false,"sceneViewState":{"m_AlwaysRefresh":false,"showFog":true,"showSkybox":true,"showFlares":true,"showImageEffects":true,"showParticleSystems":true,"showVisualEffectGraphs":true,"m_FxEnabled":true},"in2DMode":false,"pivot":{"x":-2.2865335941314699,"y":-3.1125283241271974,"z":-0.05081677436828613},"rotation":{"x":-0.17861180007457734,"y":-0.05201532319188118,"z":0.009541936218738556,"w":-0.9826416373252869},"size":4.79941463470459,"orthographic":false}